ID_client;name;cluster;ID_sector;phone;email;register_date;zipcode;state;city;No;street;visit_day
10001-001;Father And Sons World 060;D;201;+001 100 887-7628;Father_And_Sons_World_060@outlook.com;2000-07-09;10001;NY; New York City;123;Walnut St;1,0
10001-002;Technologic Solutions 036;D;201;+001 100 903-4671;Technologic_Solutions_036@outlook.com;2020-06-02;10001;NY; New York City;129;2nd St;2,0
10001-003;Computer World 081;D;201;+001 100 665-4796;Computer_World_081@gmail.com.br;2011-03-17;10001;NY; New York City;162;4th St;3,0
10001-004;Digital Solutions 091;C;201;+001 100 305-5959;Digital_Solutions_091@gmail.com.br;2015-12-17;10001;NY; New York City;193;River St;4,0
10001-005;Alpha Corporation 002;A;201;+001 100 732-9688;Alpha_Corporation_002@outlook.com;2002-06-05;10001;NY; New York City;310;Johnson St;5,0
10001-006;Essential Inc. 009;C;201;+001 100 652-6917;Essential_Inc._009@gmail.com.br;2012-12-27;10001;NY; New York City;312;8th St;6,0
10001-007;Genius Store 100;B;201;+001 100 412-7456;Genius_Store_100@gmail.com.br;2000-09-09;10001;NY; New York City;336;7th St;7,0
10001-008;Essential Corporation 099;D;201;+001 100 645-5381;Essential_Corporation_099@gmail.com.br;2001-04-11;10001;NY; New York City;338;Meadow St;1,0
10001-009;Essential S.A 081;B;201;+001 100 752-1141;Essential_S.A_081@outlook.com;2004-09-26;10001;NY; New York City;342;Hickory St;2,0
10001-010;Essential Company 098;D;201;+001 100 678-6773;Essential_Company_098@outlook.com;2019-04-26;10001;NY; New York City;346;Pine St;3,0
10001-011;Genius Inc. 025;B;201;+001 100 941-5872;Genius_Inc._025@gmail.com.br;2019-06-28;10001;NY; New York City;37;Lake St;4,0
10001-012;Genius Techno 029;D;201;+001 100 129-3264;Genius_Techno_029@outlook.com;2004-12-17;10001;NY; New York City;393;Dogwood St;5,0
10001-013;Alpha S.A 100;C;201;+001 100 269-8820;Alpha_S.A_100@outlook.com;2012-04-13;10001;NY; New York City;399;Jackson St;6,0
10001-014;Digital World 003;B;201;+001 100 746-7386;Digital_World_003@gmail.com.br;2004-11-03;10001;NY; New York City;445;Walnut St;7,0
10001-015;Father And Sons Tech 056;C;201;+001 100 615-1267;Father_And_Sons_Tech_056@outlook.com;2014-07-27;10001;NY; New York City;446;7th St;1,0
10001-016;High Tech Store 089;C;201;+001 100 458-3736;High_Tech_Store_089@outlook.com;2008-12-28;10001;NY; New York City;466;14th St;2,0
10001-017;High Tech Tech 085;B;201;+001 100 482-7219;High_Tech_Tech_085@outlook.com;2000-06-17;10001;NY; New York City;513;Ridge St;3,0
10001-018;Alpha Solutions 091;C;201;+001 100 266-4038;Alpha_Solutions_091@gmail.com.br;2001-02-26;10001;NY; New York City;540;Washington St;4,0
10001-019;Essential Electronics 087;D;201;+001 100 145-1364;Essential_Electronics_087@outlook.com;2005-11-19;10001;NY; New York City;727;Ridge St;5,0
10001-020;Computer Corporation 000;D;201;+001 100 843-8094;Computer_Corporation_000@outlook.com;2009-04-27;10001;NY; New York City;730;Church St;6,0
10001-021;Essential Tech 007;C;201;+001 100 912-3965;Essential_Tech_007@outlook.com;2017-05-25;10001;NY; New York City;803;Center St;7,0
10001-022;Technologic Company 063;D;201;+001 100 897-6770;Technologic_Company_063@gmail.com.br;2008-01-20;10001;NY; New York City;808;10th St;1,0
10001-023;Beta World 018;D;201;+001 100 131-2372;Beta_World_018@gmail.com.br;2018-10-10;10001;NY; New York City;822;2nd St;2,0
10001-024;Alpha S.A 060;B;201;+001 100 656-8567;Alpha_S.A_060@outlook.com;2012-09-12;10001;NY; New York City;849;Pine St;3,0
10001-025;Genius World 079;C;201;+001 100 375-4256;Genius_World_079@outlook.com;2018-10-14;10001;NY; New York City;863;Maple St;4,0
10001-026;Technologic Electronics 080;D;201;+001 100 821-5399;Technologic_Electronics_080@outlook.com;2020-01-19;10001;NY; New York City;900;West St;5,0
10001-027;Technologic Inc. 040;D;201;+001 100 289-5844;Technologic_Inc._040@outlook.com;2003-11-26;10001;NY; New York City;91;Jefferson St;6,0
10001-028;Essential Store 056;C;201;+001 100 529-7940;Essential_Store_056@gmail.com.br;2002-05-20;10001;NY; New York City;945;8th St;7,0
73301-001;Computer Techno 068;C;202;+001 733 215-6159;Computer_Techno_068@outlook.com;2005-08-29;73301;TX; Austin;111;Center St;1,0
73301-002;Alpha Tech 006;C;202;+001 733 767-2018;Alpha_Tech_006@outlook.com;2016-05-15;73301;TX; Austin;130;Johnson St;2,0
73301-003;Computer World 004;C;202;+001 733 166-3454;Computer_World_004@outlook.com;2013-06-18;73301;TX; Austin;164;2nd St;3,0
73301-004;Computer Inc. 057;C;202;+001 733 579-7956;Computer_Inc._057@outlook.com;2010-04-25;73301;TX; Austin;173;Main St;4,0
73301-005;Alpha Company 066;D;202;+001 733 700-9805;Alpha_Company_066@outlook.com;2009-10-28;73301;TX; Austin;205;10th St;5,0
73301-006;Father And Sons Store 035;D;202;+001 733 936-8582;Father_And_Sons_Store_035@outlook.com;2002-03-13;73301;TX; Austin;212;Jackson St;6,0
73301-007;Technologic Company 086;D;202;+001 733 397-4301;Technologic_Company_086@outlook.com;2007-01-28;73301;TX; Austin;225;Pine St;7,0
73301-008;Beta World 043;B;202;+001 733 846-7228;Beta_World_043@outlook.com;2008-05-06;73301;TX; Austin;230;Lincoln St;1,0
73301-009;Essential Electronics 081;A;202;+001 733 398-5147;Essential_Electronics_081@outlook.com;2015-09-19;73301;TX; Austin;249;Johnson St;2,0
73301-010;Beta Techno 060;D;202;+001 733 654-9870;Beta_Techno_060@outlook.com;2017-08-05;73301;TX; Austin;26;Lincoln St;3,0
73301-011;Genius Store 086;C;202;+001 733 315-4846;Genius_Store_086@outlook.com;2002-05-21;73301;TX; Austin;261;Lincoln St;4,0
73301-012;Computer Inc. 079;B;202;+001 733 468-7546;Computer_Inc._079@outlook.com;2020-01-30;73301;TX; Austin;263;South St;5,0
73301-013;Father And Sons Solutions 054;B;202;+001 733 136-2213;Father_And_Sons_Solutions_054@gmail.com.br;2010-07-19;73301;TX; Austin;264;Cherry St;6,0
73301-014;Technologic Corporation 058;D;202;+001 733 108-3464;Technologic_Corporation_058@outlook.com;2002-05-15;73301;TX; Austin;267;Meadow St;7,0
73301-015;Beta Solutions 049;D;202;+001 733 575-5217;Beta_Solutions_049@outlook.com;2012-04-11;73301;TX; Austin;271;Forest St;1,0
73301-016;High Tech Company 039;C;202;+001 733 142-9894;High_Tech_Company_039@outlook.com;2000-07-17;73301;TX; Austin;280;Forest St;2,0
73301-017;Alpha Corporation 033;C;202;+001 733 882-9261;Alpha_Corporation_033@outlook.com;2013-10-29;73301;TX; Austin;305;Highland St;3,0
73301-018;Alpha World 099;D;202;+001 733 918-9944;Alpha_World_099@outlook.com;2001-12-12;73301;TX; Austin;311;Forest St;4,0
73301-019;High Tech Tech 088;D;202;+001 733 729-5609;High_Tech_Tech_088@outlook.com;2003-04-29;73301;TX; Austin;319;Hickory St;5,0
73301-020;Genius Inc. 064;C;202;+001 733 854-6334;Genius_Inc._064@outlook.com;2005-09-28;73301;TX; Austin;357;Lakeview St;6,0
73301-021;High Tech Solutions 072;B;202;+001 733 707-8894;High_Tech_Solutions_072@gmail.com.br;2005-03-10;73301;TX; Austin;365;8th St;7,0
73301-022;Father And Sons World 098;D;202;+001 733 215-1971;Father_And_Sons_World_098@outlook.com;2002-12-24;73301;TX; Austin;369;6th St;1,0
73301-023;High Tech Store 100;D;202;+001 733 111-1274;High_Tech_Store_100@outlook.com;2004-10-21;73301;TX; Austin;376;Johnson St;2,0
73301-024;Alpha Tech 056;D;202;+001 733 650-9328;Alpha_Tech_056@gmail.com.br;2002-12-09;73301;TX; Austin;397;North St;3,0
73301-025;Beta Inc. 008;A;202;+001 733 828-7399;Beta_Inc._008@outlook.com;2006-12-19;73301;TX; Austin;439;Adams St;4,0
73301-026;Father And Sons Inc. 022;D;202;+001 733 119-2377;Father_And_Sons_Inc._022@outlook.com;2001-04-03;73301;TX; Austin;443;Hickory St;5,0
73301-027;Genius Tech 006;D;202;+001 733 952-7410;Genius_Tech_006@outlook.com;2010-04-01;73301;TX; Austin;452;14th St;6,0
73301-028;Digital World 030;A;202;+001 733 918-2415;Digital_World_030@outlook.com;2019-05-05;73301;TX; Austin;463;Highland St;7,0
73301-029;Father And Sons S.A 008;C;202;+001 733 574-8530;Father_And_Sons_S.A_008@outlook.com;2006-08-07;73301;TX; Austin;465;1st St;1,0
73301-030;High Tech Inc. 028;D;202;+001 733 689-2383;High_Tech_Inc._028@gmail.com.br;2004-03-02;73301;TX; Austin;472;Church St;2,0
73301-031;Technologic Electronics 053;C;202;+001 733 459-8884;Technologic_Electronics_053@outlook.com;2009-06-20;73301;TX; Austin;488;Hill St;3,0
73301-032;Essential Company 024;D;202;+001 733 612-2220;Essential_Company_024@outlook.com;2019-08-18;73301;TX; Austin;505;Spruce St;4,0
73301-033;Father And Sons World 005;D;202;+001 733 637-6815;Father_And_Sons_World_005@outlook.com;2004-12-13;73301;TX; Austin;513;7th St;5,0
73301-034;Genius S.A 093;C;202;+001 733 939-8453;Genius_S.A_093@outlook.com;2011-08-19;73301;TX; Austin;520;Chestnut St;6,0
73301-035;Digital Store 038;D;202;+001 733 250-6680;Digital_Store_038@outlook.com;2010-06-29;73301;TX; Austin;527;Ridge St;7,0
73301-036;Technologic Tech 041;A;202;+001 733 460-9977;Technologic_Tech_041@outlook.com;2009-05-29;73301;TX; Austin;535;Johnson St;1,0
73301-037;Essential Tech 038;D;202;+001 733 679-7694;Essential_Tech_038@outlook.com;2006-11-08;73301;TX; Austin;596;Sunset St;2,0
73301-038;Beta Store 059;B;202;+001 733 857-8602;Beta_Store_059@outlook.com;2012-04-18;73301;TX; Austin;603;Cedar St;3,0
73301-039;Technologic Company 023;D;202;+001 733 900-5120;Technologic_Company_023@outlook.com;2016-02-17;73301;TX; Austin;607;West St;4,0
73301-040;Digital Tech 028;D;202;+001 733 820-2018;Digital_Tech_028@gmail.com.br;2010-07-01;73301;TX; Austin;614;Meadow St;5,0
73301-041;Alpha S.A 080;D;202;+001 733 331-6910;Alpha_S.A_080@outlook.com;2005-02-23;73301;TX; Austin;617;River St;6,0
73301-042;Father And Sons Store 013;B;202;+001 733 692-4214;Father_And_Sons_Store_013@outlook.com;2007-02-07;73301;TX; Austin;618;6th St;7,0
73301-043;Digital World 083;C;202;+001 733 826-9185;Digital_World_083@gmail.com.br;2005-01-06;73301;TX; Austin;624;8th St;1,0
73301-044;Alpha Tech 003;C;202;+001 733 265-2775;Alpha_Tech_003@outlook.com;2000-08-04;73301;TX; Austin;628;Lakeview St;2,0
73301-045;High Tech Electronics 060;B;202;+001 733 901-8763;High_Tech_Electronics_060@outlook.com;2004-03-19;73301;TX; Austin;636;14th St;3,0
73301-046;Digital Inc. 084;A;202;+001 733 339-5518;Digital_Inc._084@gmail.com.br;2014-09-10;73301;TX; Austin;649;7th St;4,0
73301-047;Computer Store 033;B;202;+001 733 449-5557;Computer_Store_033@outlook.com;2012-03-27;73301;TX; Austin;659;Highland St;5,0
73301-048;High Tech Company 028;C;202;+001 733 225-4644;High_Tech_Company_028@outlook.com;2007-12-15;73301;TX; Austin;66;14th St;6,0
73301-049;Father And Sons Company 070;D;202;+001 733 167-7757;Father_And_Sons_Company_070@outlook.com;2014-11-20;73301;TX; Austin;66;2nd St;7,0
73301-050;Alpha Electronics 011;C;202;+001 733 261-6943;Alpha_Electronics_011@gmail.com.br;2009-09-26;73301;TX; Austin;681;2nd St;1,0
73301-051;Alpha Tech 057;B;202;+001 733 942-5836;Alpha_Tech_057@gmail.com.br;2007-07-07;73301;TX; Austin;709;Pine St;2,0
73301-052;Digital Corporation 070;D;202;+001 733 170-8686;Digital_Corporation_070@outlook.com;2003-09-13;73301;TX; Austin;72;Madison St;3,0
73301-053;High Tech World 071;B;202;+001 733 972-3845;High_Tech_World_071@outlook.com;2011-04-21;73301;TX; Austin;722;South St;4,0
73301-054;Genius Inc. 022;B;202;+001 733 746-4272;Genius_Inc._022@outlook.com;2010-11-13;73301;TX; Austin;727;Main St;5,0
73301-055;Genius Corporation 068;D;202;+001 733 192-6118;Genius_Corporation_068@outlook.com;2000-05-20;73301;TX; Austin;742;Highland St;6,0
73301-056;Digital Inc. 050;B;202;+001 733 898-5229;Digital_Inc._050@gmail.com.br;2010-12-06;73301;TX; Austin;747;Park St;7,0
73301-057;High Tech Corporation 032;C;202;+001 733 964-8408;High_Tech_Corporation_032@outlook.com;2002-08-22;73301;TX; Austin;791;12th St;1,0
73301-058;Digital Techno 074;D;202;+001 733 219-3063;Digital_Techno_074@outlook.com;2020-11-09;73301;TX; Austin;794;8th St;2,0
73301-059;Alpha Store 046;C;202;+001 733 215-6777;Alpha_Store_046@gmail.com.br;2007-03-16;73301;TX; Austin;814;Center St;3,0
73301-060;Beta S.A 015;D;202;+001 733 212-4620;Beta_S.A_015@outlook.com;2011-03-14;73301;TX; Austin;82;14th St;4,0
73301-061;Computer S.A 027;D;202;+001 733 605-7957;Computer_S.A_027@gmail.com.br;2000-02-21;73301;TX; Austin;821;Main St;5,0
73301-062;Digital Store 050;C;202;+001 733 369-8326;Digital_Store_050@outlook.com;2012-03-10;73301;TX; Austin;826;Forest St;6,0
73301-063;Alpha Corporation 034;C;202;+001 733 763-8465;Alpha_Corporation_034@outlook.com;2016-10-25;73301;TX; Austin;850;Center St;7,0
73301-064;Father And Sons Inc. 034;D;202;+001 733 959-1980;Father_And_Sons_Inc._034@gmail.com.br;2008-03-01;73301;TX; Austin;867;Hill St;1,0
73301-065;High Tech Techno 034;A;202;+001 733 307-9884;High_Tech_Techno_034@outlook.com;2000-02-15;73301;TX; Austin;87;10th St;2,0
73301-066;Father And Sons Store 059;D;202;+001 733 828-2621;Father_And_Sons_Store_059@gmail.com.br;2000-09-22;73301;TX; Austin;881;Elm St;3,0
73301-067;Technologic Solutions 074;D;202;+001 733 583-2674;Technologic_Solutions_074@outlook.com;2016-04-06;73301;TX; Austin;884;Jackson St;4,0
73301-068;Essential World 082;D;202;+001 733 527-3923;Essential_World_082@gmail.com.br;2001-05-08;73301;TX; Austin;902;5th St;5,0
73301-069;Computer Techno 088;B;202;+001 733 669-6203;Computer_Techno_088@outlook.com;2009-09-26;73301;TX; Austin;953;Lincoln St;6,0
73301-070;High Tech S.A 015;D;202;+001 733 377-6290;High_Tech_S.A_015@gmail.com.br;2011-03-18;73301;TX; Austin;975;Wilson St;7,0
73301-071;Father And Sons Company 069;D;202;+001 733 950-9240;Father_And_Sons_Company_069@gmail.com.br;2008-10-14;73301;TX; Austin;982;Washington St;1,0
73301-072;Father And Sons Tech 065;C;202;+001 733 741-4380;Father_And_Sons_Tech_065@outlook.com;2000-09-28;73301;TX; Austin;989;14th St;2,0
90001-001;High Tech Solutions 066;D;203;+001 900 113-2444;High_Tech_Solutions_066@outlook.com;2015-09-14;90001;CA; Los Angeles;139;10th St;1,0
90001-002;Genius Techno 017;D;203;+001 900 283-6466;Genius_Techno_017@outlook.com;2019-03-19;90001;CA; Los Angeles;186;Johnson St;2,0
90001-003;Alpha S.A 048;D;203;+001 900 158-3684;Alpha_S.A_048@gmail.com.br;2015-09-11;90001;CA; Los Angeles;283;Cedar St;3,0
90001-004;Technologic Inc. 010;C;203;+001 900 507-3268;Technologic_Inc._010@outlook.com;2014-11-11;90001;CA; Los Angeles;295;Main St;4,0
90001-005;Digital Company 047;D;203;+001 900 573-3162;Digital_Company_047@outlook.com;2006-04-16;90001;CA; Los Angeles;314;12th St;5,0
90001-006;Technologic Inc. 059;B;203;+001 900 246-3493;Technologic_Inc._059@gmail.com.br;2017-08-21;90001;CA; Los Angeles;315;River St;6,0
90001-007;Genius Techno 001;D;203;+001 900 314-4454;Genius_Techno_001@outlook.com;2011-10-17;90001;CA; Los Angeles;331;Church St;7,0
90001-008;Beta World 005;D;203;+001 900 373-5211;Beta_World_005@gmail.com.br;2002-09-21;90001;CA; Los Angeles;350;Ridge St;1,0
90001-009;High Tech Store 038;B;203;+001 900 640-8855;High_Tech_Store_038@outlook.com;2016-09-14;90001;CA; Los Angeles;357;Chestnut St;2,0
90001-010;Digital Electronics 073;C;203;+001 900 634-5431;Digital_Electronics_073@outlook.com;2017-12-24;90001;CA; Los Angeles;372;10th St;3,0
90001-011;Genius S.A 070;B;203;+001 900 764-9710;Genius_S.A_070@outlook.com;2015-04-19;90001;CA; Los Angeles;39;Church St;4,0
90001-012;Essential Inc. 060;A;203;+001 900 366-9125;Essential_Inc._060@outlook.com;2000-12-02;90001;CA; Los Angeles;393;14th St;5,0
90001-013;Essential Inc. 081;D;203;+001 900 494-2911;Essential_Inc._081@gmail.com.br;2009-01-29;90001;CA; Los Angeles;416;Elm St;6,0
90001-014;Beta Techno 059;D;203;+001 900 420-3465;Beta_Techno_059@gmail.com.br;2016-10-21;90001;CA; Los Angeles;450;Highland St;7,0
90001-015;Digital Inc. 092;C;203;+001 900 569-4888;Digital_Inc._092@outlook.com;2019-01-01;90001;CA; Los Angeles;477;Sunset St;1,0
90001-016;Father And Sons Techno 029;D;203;+001 900 389-8819;Father_And_Sons_Techno_029@outlook.com;2000-09-08;90001;CA; Los Angeles;515;2nd St;2,0
90001-017;Genius Tech 069;D;203;+001 900 972-2564;Genius_Tech_069@outlook.com;2011-07-23;90001;CA; Los Angeles;578;Hickory St;3,0
90001-018;Genius Inc. 068;D;203;+001 900 524-8370;Genius_Inc._068@outlook.com;2014-03-30;90001;CA; Los Angeles;588;11th St;4,0
90001-019;Father And Sons World 048;C;203;+001 900 185-3506;Father_And_Sons_World_048@gmail.com.br;2002-04-28;90001;CA; Los Angeles;619;11th St;5,0
90001-020;Computer Solutions 083;D;203;+001 900 483-4114;Computer_Solutions_083@gmail.com.br;2019-09-17;90001;CA; Los Angeles;620;Highland St;6,0
90001-021;Technologic S.A 009;B;203;+001 900 226-5162;Technologic_S.A_009@outlook.com;2006-04-27;90001;CA; Los Angeles;670;West St;7,0
90001-022;Computer Inc. 036;C;203;+001 900 184-6276;Computer_Inc._036@gmail.com.br;2012-09-10;90001;CA; Los Angeles;74;South St;1,0
90001-023;Digital Corporation 011;C;203;+001 900 248-2093;Digital_Corporation_011@outlook.com;2018-06-15;90001;CA; Los Angeles;768;Lincoln St;2,0
90001-024;Father And Sons Electronics 020;C;203;+001 900 506-5892;Father_And_Sons_Electronics_020@outlook.com;2001-03-08;90001;CA; Los Angeles;816;Elm St;3,0
90001-025;Essential Corporation 021;C;203;+001 900 444-3188;Essential_Corporation_021@gmail.com.br;2017-07-16;90001;CA; Los Angeles;842;Madison St;4,0
90001-026;Computer Tech 064;A;203;+001 900 316-6836;Computer_Tech_064@gmail.com.br;2020-01-11;90001;CA; Los Angeles;852;Sunset St;5,0
90001-027;Computer World 071;D;203;+001 900 285-5526;Computer_World_071@outlook.com;2001-01-11;90001;CA; Los Angeles;869;Dogwood St;6,0
90001-028;Beta Solutions 081;C;203;+001 900 989-8380;Beta_Solutions_081@outlook.com;2008-01-02;90001;CA; Los Angeles;875;Hickory St;7,0
90001-029;High Tech Tech 068;C;203;+001 900 287-2817;High_Tech_Tech_068@outlook.com;2020-07-30;90001;CA; Los Angeles;927;Park St;1,0
90001-030;Computer World 095;A;203;+001 900 944-1609;Computer_World_095@gmail.com.br;2004-06-22;90001;CA; Los Angeles;974;River St;2,0
94016-001;Genius Inc. 073;D;204;+001 940 407-1246;Genius_Inc._073@outlook.com;2018-07-08;94016;CA; San Francisco;127;12th St;1,0
94016-002;High Tech Solutions 012;C;204;+001 940 520-8165;High_Tech_Solutions_012@gmail.com.br;2013-12-09;94016;CA; San Francisco;17;North St;2,0
94016-003;Alpha Corporation 025;B;204;+001 940 249-8220;Alpha_Corporation_025@outlook.com;2007-12-13;94016;CA; San Francisco;180;9th St;3,0
94016-004;Computer World 093;D;204;+001 940 734-7928;Computer_World_093@outlook.com;2007-11-02;94016;CA; San Francisco;234;Wilson St;4,0
94016-005;Essential World 064;C;204;+001 940 944-1674;Essential_World_064@outlook.com;2001-09-09;94016;CA; San Francisco;246;Main St;5,0
94016-006;Computer World 009;B;204;+001 940 501-1392;Computer_World_009@outlook.com;2016-01-05;94016;CA; San Francisco;250;Dogwood St;6,0
94016-007;Beta S.A 076;C;204;+001 940 611-2492;Beta_S.A_076@outlook.com;2018-08-30;94016;CA; San Francisco;267;Willow St;7,0
94016-008;Father And Sons Techno 061;A;204;+001 940 952-7343;Father_And_Sons_Techno_061@outlook.com;2001-12-20;94016;CA; San Francisco;27;Adams St;1,0
94016-009;Digital Techno 088;B;204;+001 940 936-1300;Digital_Techno_088@outlook.com;2019-02-17;94016;CA; San Francisco;349;Lincoln St;2,0
94016-010;Genius S.A 006;D;204;+001 940 455-9793;Genius_S.A_006@outlook.com;2016-04-26;94016;CA; San Francisco;364;8th St;3,0
94016-011;Computer Solutions 095;D;204;+001 940 956-3374;Computer_Solutions_095@outlook.com;2019-01-05;94016;CA; San Francisco;375;4th St;4,0
94016-012;Alpha Store 097;D;204;+001 940 705-2169;Alpha_Store_097@outlook.com;2002-02-24;94016;CA; San Francisco;380;Washington St;5,0
94016-013;Digital Inc. 059;D;204;+001 940 479-7998;Digital_Inc._059@outlook.com;2014-01-19;94016;CA; San Francisco;417;Main St;6,0
94016-014;Digital S.A 094;D;204;+001 940 498-8066;Digital_S.A_094@outlook.com;2017-05-14;94016;CA; San Francisco;439;Willow St;7,0
94016-015;Technologic Tech 011;D;204;+001 940 989-7585;Technologic_Tech_011@gmail.com.br;2017-06-29;94016;CA; San Francisco;450;Walnut St;1,0
94016-016;High Tech Company 003;C;204;+001 940 186-4342;High_Tech_Company_003@outlook.com;2018-12-26;94016;CA; San Francisco;454;Willow St;2,0
94016-017;Genius Store 021;D;204;+001 940 535-9929;Genius_Store_021@outlook.com;2013-03-29;94016;CA; San Francisco;465;Wilson St;3,0
94016-018;Technologic Inc. 030;C;204;+001 940 373-9967;Technologic_Inc._030@gmail.com.br;2001-12-09;94016;CA; San Francisco;481;Park St;4,0
94016-019;Alpha Solutions 008;C;204;+001 940 421-4325;Alpha_Solutions_008@outlook.com;2006-05-28;94016;CA; San Francisco;490;Spruce St;5,0
94016-020;Father And Sons Corporation 091;C;204;+001 940 867-1963;Father_And_Sons_Corporation_091@gmail.com.br;2018-06-16;94016;CA; San Francisco;529;Jefferson St;6,0
94016-021;Genius Company 039;D;204;+001 940 113-3308;Genius_Company_039@outlook.com;2011-08-20;94016;CA; San Francisco;546;Lake St;7,0
94016-022;High Tech Tech 028;D;204;+001 940 275-7766;High_Tech_Tech_028@outlook.com;2008-01-18;94016;CA; San Francisco;579;Wilson St;1,0
94016-023;Genius Techno 096;B;204;+001 940 639-3644;Genius_Techno_096@outlook.com;2019-03-07;94016;CA; San Francisco;584;Maple St;2,0
94016-024;High Tech Electronics 058;C;204;+001 940 142-8089;High_Tech_Electronics_058@outlook.com;2006-05-31;94016;CA; San Francisco;593;Ridge St;3,0
94016-025;Beta Inc. 063;A;204;+001 940 486-6383;Beta_Inc._063@outlook.com;2006-02-11;94016;CA; San Francisco;629;10th St;4,0
94016-026;Essential Company 033;B;204;+001 940 776-4164;Essential_Company_033@gmail.com.br;2010-03-17;94016;CA; San Francisco;651;Cedar St;5,0
94016-027;High Tech Electronics 042;C;204;+001 940 369-2290;High_Tech_Electronics_042@gmail.com.br;2011-08-21;94016;CA; San Francisco;656;2nd St;6,0
94016-028;Father And Sons Store 077;B;204;+001 940 762-5785;Father_And_Sons_Store_077@outlook.com;2004-06-17;94016;CA; San Francisco;675;Walnut St;7,0
94016-029;Technologic Tech 025;D;204;+001 940 634-1558;Technologic_Tech_025@outlook.com;2000-08-28;94016;CA; San Francisco;694;5th St;1,0
94016-030;High Tech Tech 055;C;204;+001 940 196-4318;High_Tech_Tech_055@outlook.com;2006-06-03;94016;CA; San Francisco;724;Forest St;2,0
94016-031;Beta Corporation 018;C;204;+001 940 762-3098;Beta_Corporation_018@outlook.com;2015-07-24;94016;CA; San Francisco;725;Pine St;3,0
94016-032;High Tech World 090;C;204;+001 940 668-2042;High_Tech_World_090@outlook.com;2004-10-10;94016;CA; San Francisco;781;Hill St;4,0
94016-033;High Tech Corporation 048;B;204;+001 940 562-6361;High_Tech_Corporation_048@outlook.com;2003-05-25;94016;CA; San Francisco;788;1st St;5,0
94016-034;Alpha Store 045;B;204;+001 940 788-5418;Alpha_Store_045@outlook.com;2006-07-29;94016;CA; San Francisco;842;Center St;6,0
94016-035;Beta Corporation 042;C;204;+001 940 197-9593;Beta_Corporation_042@outlook.com;2006-11-24;94016;CA; San Francisco;928;Ridge St;7,0
94016-036;Computer Inc. 039;D;204;+001 940 783-2547;Computer_Inc._039@outlook.com;2014-09-18;94016;CA; San Francisco;953;Chestnut St;1,0
94016-037;Genius S.A 038;C;204;+001 940 575-3687;Genius_S.A_038@outlook.com;2017-02-21;94016;CA; San Francisco;963;Pine St;2,0
94016-038;Technologic Electronics 058;D;204;+001 940 526-6846;Technologic_Electronics_058@outlook.com;2008-01-08;94016;CA; San Francisco;972;Meadow St;3,0
94016-039;Father And Sons Techno 043;C;204;+001 940 340-3169;Father_And_Sons_Techno_043@outlook.com;2018-09-07;94016;CA; San Francisco;978;10th St;4,0
30301-001;Computer Inc. 021;C;205;+001 303 975-3463;Computer_Inc._021@outlook.com;2003-01-15;30301;GA; Atlanta;105;Ridge St;1,0
30301-002;Computer Store 073;C;205;+001 303 596-3469;Computer_Store_073@outlook.com;2018-03-24;30301;GA; Atlanta;109;Cherry St;2,0
30301-003;Beta Company 017;B;205;+001 303 671-4330;Beta_Company_017@outlook.com;2017-01-01;30301;GA; Atlanta;157;Pine St;3,0
30301-004;Technologic World 078;C;205;+001 303 273-5756;Technologic_World_078@outlook.com;2015-08-17;30301;GA; Atlanta;165;West St;4,0
30301-005;Beta Corporation 001;A;205;+001 303 575-6752;Beta_Corporation_001@gmail.com.br;2001-08-08;30301;GA; Atlanta;175;Jefferson St;5,0
30301-006;Technologic World 071;B;205;+001 303 257-4599;Technologic_World_071@outlook.com;2005-10-09;30301;GA; Atlanta;190;Center St;6,0
30301-007;Alpha Tech 041;D;205;+001 303 252-8971;Alpha_Tech_041@outlook.com;2007-03-19;30301;GA; Atlanta;199;Park St;7,0
30301-008;Technologic Techno 038;B;205;+001 303 907-5694;Technologic_Techno_038@outlook.com;2011-04-20;30301;GA; Atlanta;203;1st St;1,0
30301-009;Computer Company 026;D;205;+001 303 447-5483;Computer_Company_026@outlook.com;2012-06-23;30301;GA; Atlanta;220;Chestnut St;2,0
30301-010;Father And Sons Company 003;D;205;+001 303 952-3355;Father_And_Sons_Company_003@gmail.com.br;2007-05-19;30301;GA; Atlanta;252;4th St;3,0
30301-011;Alpha Store 091;D;205;+001 303 698-8265;Alpha_Store_091@gmail.com.br;2006-06-10;30301;GA; Atlanta;279;Highland St;4,0
30301-012;Essential Tech 029;C;205;+001 303 694-9546;Essential_Tech_029@outlook.com;2019-02-04;30301;GA; Atlanta;28;Main St;5,0
30301-013;Computer Techno 091;D;205;+001 303 157-5178;Computer_Techno_091@outlook.com;2009-07-05;30301;GA; Atlanta;296;14th St;6,0
30301-014;High Tech Corporation 013;B;205;+001 303 893-1142;High_Tech_Corporation_013@outlook.com;2017-09-13;30301;GA; Atlanta;309;12th St;7,0
30301-015;Essential Tech 006;D;205;+001 303 790-5628;Essential_Tech_006@gmail.com.br;2013-06-18;30301;GA; Atlanta;34;9th St;1,0
30301-016;Alpha Store 085;B;205;+001 303 325-4519;Alpha_Store_085@gmail.com.br;2015-10-02;30301;GA; Atlanta;344;9th St;2,0
30301-017;Digital Techno 066;C;205;+001 303 384-5247;Digital_Techno_066@outlook.com;2019-11-15;30301;GA; Atlanta;362;Lake St;3,0
30301-018;Beta Tech 092;C;205;+001 303 820-1981;Beta_Tech_092@outlook.com;2009-05-19;30301;GA; Atlanta;40;1st St;4,0
30301-019;Father And Sons Company 074;B;205;+001 303 152-9195;Father_And_Sons_Company_074@gmail.com.br;2002-02-13;30301;GA; Atlanta;402;Chestnut St;5,0
30301-020;Digital Corporation 096;D;205;+001 303 632-6332;Digital_Corporation_096@gmail.com.br;2002-07-03;30301;GA; Atlanta;415;South St;6,0
30301-021;Beta S.A 013;C;205;+001 303 326-5200;Beta_S.A_013@outlook.com;2008-04-28;30301;GA; Atlanta;425;Church St;7,0
30301-022;Essential Tech 005;D;205;+001 303 432-2793;Essential_Tech_005@outlook.com;2008-06-15;30301;GA; Atlanta;457;14th St;1,0
30301-023;Beta S.A 016;D;205;+001 303 494-6325;Beta_S.A_016@outlook.com;2009-12-08;30301;GA; Atlanta;471;Dogwood St;2,0
30301-024;Alpha Store 016;D;205;+001 303 325-9012;Alpha_Store_016@gmail.com.br;2017-05-29;30301;GA; Atlanta;503;Hill St;3,0
30301-025;High Tech Store 018;D;205;+001 303 534-6704;High_Tech_Store_018@gmail.com.br;2010-02-21;30301;GA; Atlanta;512;7th St;4,0
30301-026;Essential Techno 013;C;205;+001 303 784-4006;Essential_Techno_013@outlook.com;2012-06-03;30301;GA; Atlanta;513;4th St;5,0
30301-027;Beta Inc. 044;C;205;+001 303 574-8838;Beta_Inc._044@outlook.com;2019-06-29;30301;GA; Atlanta;537;1st St;6,0
30301-028;Technologic Corporation 018;D;205;+001 303 879-3569;Technologic_Corporation_018@outlook.com;2001-03-29;30301;GA; Atlanta;544;Forest St;7,0
30301-029;Father And Sons Store 066;C;205;+001 303 335-9885;Father_And_Sons_Store_066@outlook.com;2016-10-24;30301;GA; Atlanta;567;Walnut St;1,0
30301-030;Beta World 034;C;205;+001 303 835-1515;Beta_World_034@outlook.com;2020-11-25;30301;GA; Atlanta;569;Main St;2,0
30301-031;High Tech Company 055;A;205;+001 303 692-2773;High_Tech_Company_055@outlook.com;2016-05-16;30301;GA; Atlanta;584;Forest St;3,0
30301-032;Father And Sons Tech 030;D;205;+001 303 598-2899;Father_And_Sons_Tech_030@outlook.com;2019-02-09;30301;GA; Atlanta;680;10th St;4,0
30301-033;Digital Inc. 063;C;205;+001 303 994-4180;Digital_Inc._063@outlook.com;2006-11-24;30301;GA; Atlanta;681;Center St;5,0
30301-034;Father And Sons Techno 037;D;205;+001 303 617-7252;Father_And_Sons_Techno_037@outlook.com;2015-10-27;30301;GA; Atlanta;728;Lakeview St;6,0
30301-035;High Tech Company 050;D;205;+001 303 650-5413;High_Tech_Company_050@outlook.com;2014-12-14;30301;GA; Atlanta;731;1st St;7,0
30301-036;Father And Sons World 068;A;205;+001 303 380-6575;Father_And_Sons_World_068@gmail.com.br;2007-11-11;30301;GA; Atlanta;733;Chestnut St;1,0
30301-037;Genius Solutions 082;A;205;+001 303 974-5015;Genius_Solutions_082@gmail.com.br;2012-03-25;30301;GA; Atlanta;757;Elm St;2,0
30301-038;Computer Electronics 079;D;205;+001 303 824-6952;Computer_Electronics_079@outlook.com;2015-05-04;30301;GA; Atlanta;766;Dogwood St;3,0
30301-039;Essential Company 068;D;205;+001 303 887-2590;Essential_Company_068@outlook.com;2019-08-11;30301;GA; Atlanta;767;Pine St;4,0
30301-040;Technologic Store 092;C;205;+001 303 161-1800;Technologic_Store_092@outlook.com;2008-07-07;30301;GA; Atlanta;772;Forest St;5,0
30301-041;Digital World 091;D;205;+001 303 748-4776;Digital_World_091@outlook.com;2009-02-19;30301;GA; Atlanta;773;Cedar St;6,0
30301-042;Beta Solutions 010;C;205;+001 303 367-6015;Beta_Solutions_010@outlook.com;2013-06-23;30301;GA; Atlanta;787;Dogwood St;7,0
30301-043;Digital Store 047;D;205;+001 303 679-6560;Digital_Store_047@outlook.com;2000-05-31;30301;GA; Atlanta;807;Lincoln St;1,0
30301-044;Beta Electronics 053;D;205;+001 303 484-7844;Beta_Electronics_053@outlook.com;2005-04-30;30301;GA; Atlanta;811;Park St;2,0
30301-045;Technologic Techno 061;D;205;+001 303 435-3699;Technologic_Techno_061@gmail.com.br;2009-10-05;30301;GA; Atlanta;812;Wilson St;3,0
30301-046;Father And Sons Company 094;B;205;+001 303 595-5761;Father_And_Sons_Company_094@outlook.com;2000-07-11;30301;GA; Atlanta;820;Jefferson St;4,0
30301-047;Technologic Inc. 092;C;205;+001 303 963-7752;Technologic_Inc._092@outlook.com;2018-09-07;30301;GA; Atlanta;85;13th St;5,0
30301-048;Technologic World 013;B;205;+001 303 475-1829;Technologic_World_013@gmail.com.br;2018-02-01;30301;GA; Atlanta;890;Elm St;6,0
30301-049;Father And Sons Techno 079;B;205;+001 303 869-2167;Father_And_Sons_Techno_079@outlook.com;2002-05-14;30301;GA; Atlanta;912;Jackson St;7,0
30301-050;High Tech Corporation 077;D;205;+001 303 163-8844;High_Tech_Corporation_077@gmail.com.br;2012-11-22;30301;GA; Atlanta;93;Adams St;1,0
30301-051;Digital Inc. 011;D;205;+001 303 180-4632;Digital_Inc._011@outlook.com;2008-05-22;30301;GA; Atlanta;970;Adams St;2,0
30301-052;Essential Electronics 056;D;205;+001 303 618-2366;Essential_Electronics_056@outlook.com;2012-06-21;30301;GA; Atlanta;977;Walnut St;3,0
30301-053;High Tech Store 031;D;205;+001 303 900-1383;High_Tech_Store_031@outlook.com;2000-10-20;30301;GA; Atlanta;982;Hickory St;4,0
30301-054;Computer Techno 017;D;205;+001 303 472-4634;Computer_Techno_017@gmail.com.br;2006-05-20;30301;GA; Atlanta;988;4th St;5,0
30301-055;Genius Corporation 048;C;205;+001 303 947-9003;Genius_Corporation_048@outlook.com;2007-03-19;30301;GA; Atlanta;997;Cherry St;6,0
75001-001;Father And Sons Store 097;D;106;+001 750 229-7261;Father_And_Sons_Store_097@outlook.com;2019-02-28;75001;TX; Dallas;177;River St;1,0
75001-002;Digital Store 014;C;106;+001 750 439-9618;Digital_Store_014@outlook.com;2008-05-21;75001;TX; Dallas;251;South St;2,0
75001-003;Technologic Store 082;C;106;+001 750 161-3238;Technologic_Store_082@gmail.com.br;2002-03-12;75001;TX; Dallas;260;2nd St;3,0
75001-004;Father And Sons S.A 071;D;106;+001 750 834-4133;Father_And_Sons_S.A_071@outlook.com;2011-01-16;75001;TX; Dallas;297;14th St;4,0
75001-005;Father And Sons S.A 030;D;106;+001 750 727-3796;Father_And_Sons_S.A_030@outlook.com;2020-03-27;75001;TX; Dallas;343;Main St;5,0
75001-006;Genius Electronics 024;D;106;+001 750 455-4897;Genius_Electronics_024@outlook.com;2020-08-02;75001;TX; Dallas;375;Madison St;6,0
75001-007;Computer Company 064;C;106;+001 750 441-8990;Computer_Company_064@gmail.com.br;2007-09-06;75001;TX; Dallas;383;Cherry St;7,0
75001-008;Digital Tech 092;C;106;+001 750 250-8584;Digital_Tech_092@outlook.com;2002-10-18;75001;TX; Dallas;393;Cedar St;1,0
75001-009;Computer Corporation 023;D;106;+001 750 984-5198;Computer_Corporation_023@outlook.com;2017-05-20;75001;TX; Dallas;414;South St;2,0
75001-010;Father And Sons Techno 015;C;106;+001 750 471-4405;Father_And_Sons_Techno_015@gmail.com.br;2018-03-26;75001;TX; Dallas;419;Main St;3,0
75001-011;Computer Store 038;C;106;+001 750 680-4442;Computer_Store_038@gmail.com.br;2016-07-19;75001;TX; Dallas;518;Main St;4,0
75001-012;Father And Sons Inc. 015;D;106;+001 750 442-8387;Father_And_Sons_Inc._015@gmail.com.br;2018-12-29;75001;TX; Dallas;584;North St;5,0
75001-013;Technologic S.A 044;B;106;+001 750 274-3842;Technologic_S.A_044@outlook.com;2000-01-04;75001;TX; Dallas;627;Lakeview St;6,0
75001-014;Beta S.A 067;C;106;+001 750 952-8966;Beta_S.A_067@outlook.com;2014-06-22;75001;TX; Dallas;66;Adams St;7,0
75001-015;Alpha S.A 094;C;106;+001 750 706-5001;Alpha_S.A_094@outlook.com;2001-10-21;75001;TX; Dallas;679;4th St;1,0
75001-016;Beta Solutions 094;B;106;+001 750 284-2727;Beta_Solutions_094@outlook.com;2018-06-16;75001;TX; Dallas;707;9th St;2,0
75001-017;High Tech S.A 022;D;106;+001 750 634-6048;High_Tech_S.A_022@outlook.com;2008-03-04;75001;TX; Dallas;770;Main St;3,0
75001-018;Digital Techno 045;D;106;+001 750 439-1951;Digital_Techno_045@outlook.com;2009-12-24;75001;TX; Dallas;78;Lakeview St;4,0
75001-019;Technologic Tech 069;D;106;+001 750 652-5948;Technologic_Tech_069@gmail.com.br;2019-05-05;75001;TX; Dallas;791;Hill St;5,0
75001-020;Computer Company 069;D;106;+001 750 383-9251;Computer_Company_069@gmail.com.br;2013-10-07;75001;TX; Dallas;821;12th St;6,0
75001-021;Computer S.A 000;C;106;+001 750 751-2262;Computer_S.A_000@outlook.com;2020-01-22;75001;TX; Dallas;829;Jackson St;7,0
75001-022;Beta Store 077;C;106;+001 750 210-3020;Beta_Store_077@outlook.com;2000-11-05;75001;TX; Dallas;854;Center St;1,0
75001-023;Technologic World 045;B;106;+001 750 392-9330;Technologic_World_045@outlook.com;2010-03-08;75001;TX; Dallas;874;Lake St;2,0
75001-024;Beta Techno 025;C;106;+001 750 297-9861;Beta_Techno_025@outlook.com;2017-12-05;75001;TX; Dallas;887;Highland St;3,0
75001-025;Computer Company 014;B;106;+001 750 268-8292;Computer_Company_014@gmail.com.br;2013-07-15;75001;TX; Dallas;899;River St;4,0
75001-026;Genius World 001;C;106;+001 750 363-9784;Genius_World_001@outlook.com;2006-07-10;75001;TX; Dallas;909;Hickory St;5,0
75001-027;Beta Tech 005;C;106;+001 750 561-4842;Beta_Tech_005@gmail.com.br;2000-08-22;75001;TX; Dallas;928;Dogwood St;6,0
75001-028;Computer Solutions 068;A;106;+001 750 801-9533;Computer_Solutions_068@outlook.com;2017-02-15;75001;TX; Dallas;949;West St;7,0
75001-029;Father And Sons S.A 024;D;106;+001 750 902-5224;Father_And_Sons_S.A_024@outlook.com;2009-01-05;75001;TX; Dallas;990;Center St;1,0
75001-030;Genius Techno 082;D;106;+001 750 589-1972;Genius_Techno_082@outlook.com;2015-05-12;75001;TX; Dallas;994;River St;2,0
97035-001;High Tech Techno 006;C;107;+001 970 621-4681;High_Tech_Techno_006@gmail.com.br;2001-08-13;97035;OR; Portland;11;9th St;1,0
97035-002;Beta Tech 041;D;107;+001 970 502-7362;Beta_Tech_041@outlook.com;2011-11-19;97035;OR; Portland;13;Church St;2,0
97035-003;Alpha Tech 000;C;107;+001 970 491-4145;Alpha_Tech_000@outlook.com;2016-11-15;97035;OR; Portland;146;Jackson St;3,0
04101-004;High Tech Inc. 054;B;108;+001 041 185-1700;High_Tech_Inc._054@outlook.com;2017-04-11;04101;ME; Portland;154;1st St;1,0
04101-005;Father And Sons S.A 060;B;108;+001 041 195-6880;Father_And_Sons_S.A_060@outlook.com;2006-01-07;04101;ME; Portland;156;West St;2,0
97035-006;Technologic World 039;D;107;+001 970 661-4548;Technologic_World_039@outlook.com;2013-04-21;97035;OR; Portland;167;14th St;4,0
97035-007;Beta World 059;C;107;+001 970 909-8169;Beta_World_059@outlook.com;2000-02-03;97035;OR; Portland;168;Washington St;5,0
04101-008;Beta Electronics 066;D;108;+001 041 829-4025;Beta_Electronics_066@outlook.com;2006-03-01;04101;ME; Portland;175;Center St;3,0
04101-009;High Tech Solutions 095;C;108;+001 041 432-1259;High_Tech_Solutions_095@outlook.com;2009-06-02;04101;ME; Portland;210;Center St;4,0
04101-010;Genius Corporation 083;D;108;+001 041 979-5225;Genius_Corporation_083@outlook.com;2013-04-01;04101;ME; Portland;232;Walnut St;5,0
97035-011;Father And Sons Techno 014;D;107;+001 970 798-6499;Father_And_Sons_Techno_014@outlook.com;2015-02-20;97035;OR; Portland;233;9th St;6,0
97035-012;Alpha Corporation 080;C;107;+001 970 588-5892;Alpha_Corporation_080@gmail.com.br;2000-10-02;97035;OR; Portland;246;Park St;7,0
97035-013;Genius S.A 030;D;107;+001 970 876-8645;Genius_S.A_030@outlook.com;2020-08-07;97035;OR; Portland;248;Wilson St;1,0
97035-014;Digital Electronics 100;D;107;+001 970 895-3426;Digital_Electronics_100@outlook.com;2006-04-24;97035;OR; Portland;25;Madison St;2,0
97035-015;Computer Company 097;C;107;+001 970 278-4557;Computer_Company_097@outlook.com;2016-06-14;97035;OR; Portland;250;Willow St;3,0
97035-016;Beta S.A 042;C;107;+001 970 623-4077;Beta_S.A_042@outlook.com;2009-12-23;97035;OR; Portland;266;Lincoln St;4,0
97035-017;High Tech Techno 062;A;107;+001 970 622-6880;High_Tech_Techno_062@outlook.com;2000-10-11;97035;OR; Portland;287;13th St;5,0
97035-018;High Tech Company 059;D;107;+001 970 570-3783;High_Tech_Company_059@outlook.com;2011-11-08;97035;OR; Portland;289;North St;6,0
97035-019;Father And Sons Company 008;D;107;+001 970 274-6905;Father_And_Sons_Company_008@outlook.com;2004-02-23;97035;OR; Portland;344;14th St;7,0
97035-020;Essential Electronics 072;C;107;+001 970 227-9881;Essential_Electronics_072@outlook.com;2002-01-25;97035;OR; Portland;345;7th St;1,0
04101-021;Computer Store 032;D;108;+001 041 161-8394;Computer_Store_032@outlook.com;2019-04-10;04101;ME; Portland;348;13th St;6,0
97035-022;Digital Techno 082;C;107;+001 970 869-4621;Digital_Techno_082@outlook.com;2018-02-26;97035;OR; Portland;357;Willow St;2,0
97035-023;Essential S.A 088;C;107;+001 970 671-9041;Essential_S.A_088@outlook.com;2009-12-24;97035;OR; Portland;375;Cherry St;3,0
97035-024;Father And Sons Electronics 079;B;107;+001 970 892-7517;Father_And_Sons_Electronics_079@outlook.com;2002-02-08;97035;OR; Portland;397;Forest St;4,0
97035-025;Beta Corporation 015;C;107;+001 970 627-4592;Beta_Corporation_015@outlook.com;2015-02-18;97035;OR; Portland;399;Washington St;5,0
97035-026;Essential Company 019;C;107;+001 970 964-7599;Essential_Company_019@outlook.com;2013-06-14;97035;OR; Portland;404;Lakeview St;6,0
04101-027;Digital Company 002;C;108;+001 041 826-8960;Digital_Company_002@gmail.com.br;2014-04-26;04101;ME; Portland;404;North St;7,0
97035-028;Digital Electronics 004;C;107;+001 970 550-6794;Digital_Electronics_004@outlook.com;2003-02-10;97035;OR; Portland;404;Park St;7,0
97035-029;High Tech Store 068;D;107;+001 970 190-8951;High_Tech_Store_068@outlook.com;2012-11-17;97035;OR; Portland;414;5th St;1,0
97035-030;Father And Sons World 041;D;107;+001 970 581-2356;Father_And_Sons_World_041@outlook.com;2003-12-29;97035;OR; Portland;417;7th St;2,0
97035-031;Genius World 031;B;107;+001 970 317-1061;Genius_World_031@outlook.com;2012-05-15;97035;OR; Portland;42;Lakeview St;3,0
97035-032;Technologic Techno 063;C;107;+001 970 854-8355;Technologic_Techno_063@outlook.com;2011-10-07;97035;OR; Portland;427;Park St;4,0
97035-033;Beta Electronics 048;D;107;+001 970 463-6677;Beta_Electronics_048@gmail.com.br;2019-09-21;97035;OR; Portland;432;Main St;5,0
97035-034;Digital World 096;D;107;+001 970 467-5565;Digital_World_096@outlook.com;2011-02-28;97035;OR; Portland;440;Wilson St;6,0
04101-035;Beta Techno 037;B;108;+001 041 103-5912;Beta_Techno_037@outlook.com;2012-03-13;04101;ME; Portland;443;Elm St;1,0
97035-036;Digital Tech 091;D;107;+001 970 349-2137;Digital_Tech_091@outlook.com;2019-02-14;97035;OR; Portland;454;Chestnut St;7,0
97035-037;Computer World 029;B;107;+001 970 130-8220;Computer_World_029@outlook.com;2018-10-09;97035;OR; Portland;458;Sunset St;1,0
97035-038;Technologic Corporation 011;C;107;+001 970 693-7068;Technologic_Corporation_011@outlook.com;2015-03-28;97035;OR; Portland;473;Lake St;2,0
97035-039;Father And Sons Corporation 039;C;107;+001 970 815-1141;Father_And_Sons_Corporation_039@outlook.com;2016-03-11;97035;OR; Portland;5;River St;3,0
97035-040;Genius Solutions 032;A;107;+001 970 382-3915;Genius_Solutions_032@gmail.com.br;2019-07-19;97035;OR; Portland;508;Main St;4,0
97035-041;Father And Sons World 017;D;107;+001 970 988-5070;Father_And_Sons_World_017@outlook.com;2019-10-20;97035;OR; Portland;532;10th St;5,0
04101-042;Technologic Corporation 053;C;108;+001 041 174-7411;Technologic_Corporation_053@outlook.com;2007-08-09;04101;ME; Portland;532;Elm St;2,0
97035-043;Father And Sons World 056;C;107;+001 970 568-1629;Father_And_Sons_World_056@outlook.com;2005-10-12;97035;OR; Portland;54;Elm St;6,0
97035-044;Digital S.A 006;D;107;+001 970 908-2548;Digital_S.A_006@outlook.com;2012-11-01;97035;OR; Portland;556;South St;7,0
04101-045;Genius Corporation 090;C;108;+001 041 256-4544;Genius_Corporation_090@outlook.com;2000-07-02;04101;ME; Portland;558;Jefferson St;3,0
97035-046;Genius Techno 063;B;107;+001 970 277-8059;Genius_Techno_063@outlook.com;2018-10-03;97035;OR; Portland;56;5th St;1,0
97035-047;Alpha Company 007;C;107;+001 970 580-5868;Alpha_Company_007@gmail.com.br;2018-07-06;97035;OR; Portland;572;Chestnut St;2,0
04101-048;Digital S.A 000;D;108;+001 041 167-3175;Digital_S.A_000@outlook.com;2005-10-12;04101;ME; Portland;580;11th St;4,0
97035-049;Computer S.A 007;D;107;+001 970 459-4867;Computer_S.A_007@outlook.com;2003-02-06;97035;OR; Portland;598;Walnut St;3,0
97035-050;Beta Tech 056;C;107;+001 970 706-2140;Beta_Tech_056@outlook.com;2005-06-03;97035;OR; Portland;601;1st St;4,0
97035-051;Essential Solutions 071;B;107;+001 970 841-3678;Essential_Solutions_071@gmail.com.br;2013-06-05;97035;OR; Portland;613;Dogwood St;5,0
97035-052;Genius Store 038;D;107;+001 970 508-1975;Genius_Store_038@outlook.com;2012-10-29;97035;OR; Portland;62;5th St;6,0
97035-053;Genius Electronics 097;D;107;+001 970 666-1587;Genius_Electronics_097@outlook.com;2014-07-13;97035;OR; Portland;635;8th St;7,0
97035-054;Essential Solutions 093;B;107;+001 970 144-9954;Essential_Solutions_093@outlook.com;2007-07-04;97035;OR; Portland;64;Lakeview St;1,0
97035-055;Alpha World 054;B;107;+001 970 314-9357;Alpha_World_054@outlook.com;2013-04-05;97035;OR; Portland;64;Park St;2,0
97035-056;High Tech Corporation 083;C;107;+001 970 714-3092;High_Tech_Corporation_083@outlook.com;2004-04-17;97035;OR; Portland;654;South St;3,0
97035-057;Beta Solutions 005;B;107;+001 970 127-5370;Beta_Solutions_005@outlook.com;2000-09-02;97035;OR; Portland;679;Hill St;4,0
97035-058;Digital Techno 060;B;107;+001 970 107-3976;Digital_Techno_060@outlook.com;2018-06-21;97035;OR; Portland;696;4th St;5,0
97035-059;Computer Electronics 081;D;107;+001 970 216-9441;Computer_Electronics_081@outlook.com;2012-01-05;97035;OR; Portland;697;Johnson St;6,0
97035-060;Father And Sons Company 088;D;107;+001 970 933-6727;Father_And_Sons_Company_088@gmail.com.br;2004-01-10;97035;OR; Portland;717;Ridge St;7,0
04101-061;Computer World 100;B;108;+001 041 704-6490;Computer_World_100@outlook.com;2018-04-10;04101;ME; Portland;729;Ridge St;5,0
04101-062;Beta World 046;B;108;+001 041 837-5782;Beta_World_046@outlook.com;2000-01-08;04101;ME; Portland;739;Park St;6,0
97035-063;Essential World 010;D;107;+001 970 796-3824;Essential_World_010@outlook.com;2008-08-05;97035;OR; Portland;739;Park St;1,0
04101-064;Computer World 035;C;108;+001 041 250-4687;Computer_World_035@outlook.com;2012-11-26;04101;ME; Portland;748;14th St;7,0
97035-065;Alpha Techno 041;D;107;+001 970 284-8940;Alpha_Techno_041@outlook.com;2005-05-28;97035;OR; Portland;75;12th St;2,0
97035-066;Father And Sons Inc. 020;B;107;+001 970 401-2381;Father_And_Sons_Inc._020@outlook.com;2001-10-31;97035;OR; Portland;754;Sunset St;3,0
97035-067;Digital Company 021;C;107;+001 970 578-2313;Digital_Company_021@outlook.com;2007-12-10;97035;OR; Portland;755;Willow St;4,0
97035-068;Computer S.A 080;D;107;+001 970 315-1291;Computer_S.A_080@outlook.com;2020-12-06;97035;OR; Portland;759;12th St;5,0
97035-069;Technologic Corporation 076;D;107;+001 970 872-2842;Technologic_Corporation_076@gmail.com.br;2004-02-29;97035;OR; Portland;779;River St;6,0
97035-070;Essential Solutions 095;B;107;+001 970 614-4391;Essential_Solutions_095@outlook.com;2005-02-24;97035;OR; Portland;79;Hickory St;7,0
97035-071;Alpha Electronics 072;C;107;+001 970 891-7973;Alpha_Electronics_072@gmail.com.br;2010-09-12;97035;OR; Portland;79;Highland St;1,0
97035-072;Father And Sons Company 077;D;107;+001 970 451-3300;Father_And_Sons_Company_077@outlook.com;2011-04-24;97035;OR; Portland;796;Madison St;2,0
04101-073;Alpha World 041;D;108;+001 041 912-7202;Alpha_World_041@outlook.com;2014-06-30;04101;ME; Portland;803;Willow St;1,0
97035-074;Genius Corporation 091;D;107;+001 970 144-3133;Genius_Corporation_091@outlook.com;2013-09-17;97035;OR; Portland;808;Lakeview St;3,0
97035-075;Genius Company 020;D;107;+001 970 267-7870;Genius_Company_020@outlook.com;2003-03-05;97035;OR; Portland;810;Adams St;4,0
04101-076;Essential Inc. 032;D;108;+001 041 710-8053;Essential_Inc._032@outlook.com;2002-10-05;04101;ME; Portland;819;Johnson St;2,0
97035-077;High Tech Tech 000;D;107;+001 970 879-9964;High_Tech_Tech_000@outlook.com;2016-11-12;97035;OR; Portland;83;8th St;5,0
97035-078;Father And Sons Company 012;C;107;+001 970 925-4834;Father_And_Sons_Company_012@outlook.com;2017-08-14;97035;OR; Portland;844;River St;6,0
97035-079;Computer Electronics 074;D;107;+001 970 830-3451;Computer_Electronics_074@gmail.com.br;2013-06-03;97035;OR; Portland;846;Jefferson St;7,0
97035-080;Beta Store 003;C;107;+001 970 818-3435;Beta_Store_003@outlook.com;2006-10-16;97035;OR; Portland;860;West St;1,0
04101-081;Digital Solutions 100;D;108;+001 041 526-4111;Digital_Solutions_100@outlook.com;2017-09-03;04101;ME; Portland;864;Elm St;3,0
04101-082;Genius Company 076;D;108;+001 041 520-3882;Genius_Company_076@outlook.com;2020-03-28;04101;ME; Portland;874;South St;4,0
04101-083;Father And Sons Techno 018;C;108;+001 041 534-1142;Father_And_Sons_Techno_018@gmail.com.br;2012-07-30;04101;ME; Portland;882;South St;5,0
97035-084;Genius Store 034;D;107;+001 970 861-5953;Genius_Store_034@outlook.com;2011-04-07;97035;OR; Portland;892;Lincoln St;2,0
97035-085;Digital Techno 014;D;107;+001 970 344-4903;Digital_Techno_014@outlook.com;2005-10-16;97035;OR; Portland;906;7th St;3,0
97035-086;Father And Sons Company 013;A;107;+001 970 839-1487;Father_And_Sons_Company_013@outlook.com;2006-01-17;97035;OR; Portland;913;Lake St;4,0
97035-087;Alpha Solutions 004;D;107;+001 970 717-7371;Alpha_Solutions_004@outlook.com;2018-01-29;97035;OR; Portland;921;6th St;5,0
97035-088;Computer Store 063;B;107;+001 970 387-4114;Computer_Store_063@outlook.com;2004-02-08;97035;OR; Portland;941;5th St;6,0
04101-089;High Tech World 046;C;108;+001 041 726-9070;High_Tech_World_046@outlook.com;2018-07-25;04101;ME; Portland;941;Sunset St;6,0
97035-090;Digital Tech 059;B;107;+001 970 276-4863;Digital_Tech_059@outlook.com;2018-03-30;97035;OR; Portland;949;Highland St;7,0
97035-091;High Tech Techno 066;B;107;+001 970 446-3912;High_Tech_Techno_066@outlook.com;2013-12-24;97035;OR; Portland;955;7th St;1,0
04101-092;Beta Techno 007;B;108;+001 041 933-4788;Beta_Techno_007@gmail.com.br;2015-05-25;04101;ME; Portland;964;Ridge St;7,0
04101-093;Beta Solutions 088;A;108;+001 041 795-2236;Beta_Solutions_088@outlook.com;2009-03-14;04101;ME; Portland;967;11th St;1,0
97035-094;Father And Sons Store 065;D;107;+001 970 347-4645;Father_And_Sons_Store_065@outlook.com;2017-12-06;97035;OR; Portland;972;13th St;2,0
97035-095;Essential Solutions 097;C;107;+001 970 777-7347;Essential_Solutions_097@outlook.com;2020-11-21;97035;OR; Portland;977;Center St;3,0
97035-096;Essential S.A 026;D;107;+001 970 438-7064;Essential_S.A_026@outlook.com;2002-09-18;97035;OR; Portland;99;1st St;4,0
97035-097;Computer S.A 011;D;107;+001 970 518-8720;Computer_S.A_011@outlook.com;2020-11-17;97035;OR; Portland;999;4th St;5,0
02215-001;Technologic S.A 020;D;109;+001 022 241-8640;Technologic_S.A_020@outlook.com;2007-06-10;02215;MA; Boston;103;Jefferson St;1,0
02215-002;Beta Tech 072;D;109;+001 022 592-7394;Beta_Tech_072@outlook.com;2002-01-16;02215;MA; Boston;17;Hickory St;2,0
02215-003;Father And Sons S.A 052;B;109;+001 022 625-4303;Father_And_Sons_S.A_052@outlook.com;2018-01-16;02215;MA; Boston;211;West St;3,0
02215-004;Beta Store 090;B;109;+001 022 426-8172;Beta_Store_090@gmail.com.br;2002-05-16;02215;MA; Boston;218;10th St;4,0
02215-005;Alpha World 092;D;109;+001 022 216-8068;Alpha_World_092@outlook.com;2013-01-14;02215;MA; Boston;272;7th St;5,0
02215-006;Essential Tech 026;C;109;+001 022 831-5663;Essential_Tech_026@outlook.com;2001-04-09;02215;MA; Boston;328;Sunset St;6,0
02215-007;Digital Techno 095;C;109;+001 022 658-7219;Digital_Techno_095@outlook.com;2001-01-24;02215;MA; Boston;340;Highland St;7,0
02215-008;Digital Corporation 032;A;109;+001 022 517-4888;Digital_Corporation_032@outlook.com;2005-11-17;02215;MA; Boston;357;Adams St;1,0
02215-009;Technologic World 051;C;109;+001 022 816-7160;Technologic_World_051@outlook.com;2002-09-22;02215;MA; Boston;357;Pine St;2,0
02215-010;Technologic Techno 012;C;109;+001 022 801-9578;Technologic_Techno_012@outlook.com;2000-02-23;02215;MA; Boston;377;Park St;3,0
02215-011;Beta Store 015;D;109;+001 022 477-1475;Beta_Store_015@outlook.com;2015-11-26;02215;MA; Boston;387;6th St;4,0
02215-012;Technologic World 081;D;109;+001 022 820-4291;Technologic_World_081@outlook.com;2017-01-16;02215;MA; Boston;412;Willow St;5,0
02215-013;Genius Company 032;A;109;+001 022 930-1097;Genius_Company_032@outlook.com;2010-08-15;02215;MA; Boston;515;Lincoln St;6,0
02215-014;Beta World 073;D;109;+001 022 975-2048;Beta_World_073@outlook.com;2009-09-28;02215;MA; Boston;520;Church St;7,0
02215-015;Genius Store 030;D;109;+001 022 532-3888;Genius_Store_030@outlook.com;2013-02-16;02215;MA; Boston;545;Cedar St;1,0
02215-016;Technologic World 087;A;109;+001 022 940-8132;Technologic_World_087@outlook.com;2018-08-05;02215;MA; Boston;58;Spruce St;2,0
02215-017;Technologic Store 066;D;109;+001 022 995-4462;Technologic_Store_066@outlook.com;2007-04-18;02215;MA; Boston;612;Hickory St;3,0
02215-018;Genius Electronics 043;B;109;+001 022 257-2566;Genius_Electronics_043@outlook.com;2015-09-28;02215;MA; Boston;63;Cherry St;4,0
02215-019;Technologic Tech 049;B;109;+001 022 595-1937;Technologic_Tech_049@outlook.com;2002-12-19;02215;MA; Boston;7;Washington St;5,0
02215-020;High Tech Company 056;D;109;+001 022 290-7464;High_Tech_Company_056@outlook.com;2011-10-20;02215;MA; Boston;707;Lake St;6,0
02215-021;Digital Electronics 050;D;109;+001 022 378-3962;Digital_Electronics_050@outlook.com;2012-01-01;02215;MA; Boston;712;Washington St;7,0
02215-022;High Tech World 049;D;109;+001 022 386-6388;High_Tech_World_049@outlook.com;2007-04-05;02215;MA; Boston;73;Lake St;1,0
02215-023;Father And Sons Inc. 047;B;109;+001 022 267-3008;Father_And_Sons_Inc._047@gmail.com.br;2017-06-22;02215;MA; Boston;771;West St;2,0
02215-024;Technologic Solutions 065;B;109;+001 022 706-9413;Technologic_Solutions_065@gmail.com.br;2013-12-24;02215;MA; Boston;780;Forest St;3,0
02215-025;Computer Techno 093;C;109;+001 022 509-1775;Computer_Techno_093@outlook.com;2014-02-18;02215;MA; Boston;792;7th St;4,0
02215-026;Essential Company 096;D;109;+001 022 267-8429;Essential_Company_096@outlook.com;2013-08-31;02215;MA; Boston;904;Johnson St;5,0
02215-027;Father And Sons World 063;B;109;+001 022 511-4982;Father_And_Sons_World_063@gmail.com.br;2019-08-08;02215;MA; Boston;905;Johnson St;6,0
02215-028;Father And Sons Tech 016;B;109;+001 022 409-4473;Father_And_Sons_Tech_016@outlook.com;2020-12-28;02215;MA; Boston;933;Church St;7,0
02215-029;Digital World 032;D;109;+001 022 381-6227;Digital_World_032@outlook.com;2007-02-09;02215;MA; Boston;940;Walnut St;1,0
02215-030;Beta Tech 082;D;109;+001 022 449-8302;Beta_Tech_082@outlook.com;2014-02-21;02215;MA; Boston;958;Lakeview St;2,0
98101-001;Genius Solutions 055;D;110;+001 981 431-2792;Genius_Solutions_055@gmail.com.br;2002-11-01;98101;WA; Seattle;113;Pine St;1,0
98101-002;Father And Sons Tech 048;D;110;+001 981 561-2813;Father_And_Sons_Tech_048@outlook.com;2006-09-01;98101;WA; Seattle;125;Jefferson St;2,0
98101-003;Alpha Company 086;A;110;+001 981 752-3809;Alpha_Company_086@gmail.com.br;2014-09-03;98101;WA; Seattle;134;Wilson St;3,0
98101-004;Alpha World 017;C;110;+001 981 434-3455;Alpha_World_017@outlook.com;2000-09-16;98101;WA; Seattle;160;Lakeview St;4,0
98101-005;Father And Sons Store 022;D;110;+001 981 951-1047;Father_And_Sons_Store_022@outlook.com;2008-02-26;98101;WA; Seattle;182;Johnson St;5,0
98101-006;High Tech Store 045;D;110;+001 981 934-4456;High_Tech_Store_045@outlook.com;2002-03-01;98101;WA; Seattle;187;Hickory St;6,0
98101-007;Essential Electronics 063;C;110;+001 981 611-7718;Essential_Electronics_063@gmail.com.br;2018-12-16;98101;WA; Seattle;192;7th St;7,0
98101-008;Genius World 017;D;110;+001 981 881-7075;Genius_World_017@outlook.com;2003-06-25;98101;WA; Seattle;201;14th St;1,0
98101-009;Computer Corporation 025;C;110;+001 981 623-8985;Computer_Corporation_025@outlook.com;2008-04-18;98101;WA; Seattle;217;Washington St;2,0
98101-010;Alpha Solutions 021;D;110;+001 981 796-6293;Alpha_Solutions_021@outlook.com;2007-05-19;98101;WA; Seattle;225;8th St;3,0
98101-011;Technologic Company 021;C;110;+001 981 617-2655;Technologic_Company_021@outlook.com;2015-02-21;98101;WA; Seattle;229;Park St;4,0
98101-012;Father And Sons S.A 094;C;110;+001 981 800-6422;Father_And_Sons_S.A_094@gmail.com.br;2016-01-16;98101;WA; Seattle;234;Washington St;5,0
98101-013;High Tech Company 090;B;110;+001 981 652-4026;High_Tech_Company_090@outlook.com;2010-02-18;98101;WA; Seattle;25;7th St;6,0
98101-014;Father And Sons S.A 092;D;110;+001 981 563-6309;Father_And_Sons_S.A_092@gmail.com.br;2010-02-14;98101;WA; Seattle;256;Meadow St;7,0
98101-015;High Tech Corporation 045;D;110;+001 981 493-8550;High_Tech_Corporation_045@gmail.com.br;2005-01-18;98101;WA; Seattle;284;Sunset St;1,0
98101-016;Technologic Tech 001;D;110;+001 981 340-9238;Technologic_Tech_001@outlook.com;2020-08-15;98101;WA; Seattle;286;Elm St;2,0
98101-017;Beta Inc. 084;D;110;+001 981 857-2818;Beta_Inc._084@outlook.com;2000-04-17;98101;WA; Seattle;3;Madison St;3,0
98101-018;Digital Tech 001;C;110;+001 981 454-8637;Digital_Tech_001@outlook.com;2020-01-17;98101;WA; Seattle;307;Johnson St;4,0
98101-019;Beta World 045;B;110;+001 981 603-6451;Beta_World_045@outlook.com;2001-07-17;98101;WA; Seattle;333;Jackson St;5,0
98101-020;Alpha Electronics 017;C;110;+001 981 634-2010;Alpha_Electronics_017@gmail.com.br;2013-06-03;98101;WA; Seattle;346;West St;6,0
98101-021;Beta Electronics 079;B;110;+001 981 604-1679;Beta_Electronics_079@outlook.com;2019-06-20;98101;WA; Seattle;352;10th St;7,0
98101-022;Genius Corporation 059;C;110;+001 981 559-8974;Genius_Corporation_059@gmail.com.br;2008-07-03;98101;WA; Seattle;366;Willow St;1,0
98101-023;Father And Sons Corporation 089;C;110;+001 981 372-4754;Father_And_Sons_Corporation_089@gmail.com.br;2007-08-23;98101;WA; Seattle;393;14th St;2,0
98101-024;Father And Sons Store 085;D;110;+001 981 206-8875;Father_And_Sons_Store_085@outlook.com;2018-06-22;98101;WA; Seattle;398;8th St;3,0
98101-025;Genius Techno 065;D;110;+001 981 429-6559;Genius_Techno_065@outlook.com;2014-01-16;98101;WA; Seattle;413;Chestnut St;4,0
98101-026;Beta Store 074;C;110;+001 981 814-8427;Beta_Store_074@outlook.com;2016-04-11;98101;WA; Seattle;427;1st St;5,0
98101-027;Father And Sons Tech 008;D;110;+001 981 840-1473;Father_And_Sons_Tech_008@outlook.com;2011-12-20;98101;WA; Seattle;441;Sunset St;6,0
98101-028;Computer Electronics 003;B;110;+001 981 509-7803;Computer_Electronics_003@outlook.com;2008-10-16;98101;WA; Seattle;442;Madison St;7,0
98101-029;High Tech S.A 083;D;110;+001 981 183-6186;High_Tech_S.A_083@outlook.com;2020-05-15;98101;WA; Seattle;455;7th St;1,0
98101-030;Technologic Electronics 010;D;110;+001 981 764-1634;Technologic_Electronics_010@outlook.com;2006-07-23;98101;WA; Seattle;467;Wilson St;2,0
98101-031;Technologic Electronics 024;D;110;+001 981 358-7084;Technologic_Electronics_024@gmail.com.br;2010-11-09;98101;WA; Seattle;487;Jackson St;3,0
98101-032;Essential World 079;D;110;+001 981 538-2756;Essential_World_079@outlook.com;2006-09-30;98101;WA; Seattle;49;13th St;4,0
98101-033;Father And Sons Solutions 050;D;110;+001 981 452-8556;Father_And_Sons_Solutions_050@outlook.com;2015-05-06;98101;WA; Seattle;491;Dogwood St;5,0
98101-034;Computer Electronics 060;B;110;+001 981 118-5549;Computer_Electronics_060@outlook.com;2002-01-19;98101;WA; Seattle;492;Willow St;6,0
98101-035;Technologic Corporation 098;C;110;+001 981 939-9034;Technologic_Corporation_098@outlook.com;2011-07-30;98101;WA; Seattle;496;Adams St;7,0
98101-036;Beta Electronics 077;D;110;+001 981 355-9143;Beta_Electronics_077@gmail.com.br;2005-03-31;98101;WA; Seattle;498;Lake St;1,0
98101-037;High Tech Corporation 012;A;110;+001 981 854-4836;High_Tech_Corporation_012@outlook.com;2016-04-25;98101;WA; Seattle;501;11th St;2,0
98101-038;Alpha World 012;D;110;+001 981 687-3739;Alpha_World_012@gmail.com.br;2013-06-23;98101;WA; Seattle;508;Highland St;3,0
98101-039;Father And Sons Company 050;C;110;+001 981 213-9870;Father_And_Sons_Company_050@outlook.com;2012-08-26;98101;WA; Seattle;510;7th St;4,0
98101-040;Alpha Electronics 085;A;110;+001 981 781-4121;Alpha_Electronics_085@outlook.com;2006-03-02;98101;WA; Seattle;515;Pine St;5,0
98101-041;Genius Company 027;D;110;+001 981 503-1903;Genius_Company_027@outlook.com;2015-03-11;98101;WA; Seattle;520;5th St;6,0
98101-042;Beta Electronics 084;C;110;+001 981 377-6755;Beta_Electronics_084@gmail.com.br;2017-03-12;98101;WA; Seattle;543;Main St;7,0
98101-043;Essential World 063;C;110;+001 981 327-8361;Essential_World_063@outlook.com;2016-01-12;98101;WA; Seattle;564;River St;1,0
98101-044;Essential Inc. 007;D;110;+001 981 306-5952;Essential_Inc._007@outlook.com;2016-04-02;98101;WA; Seattle;584;Jackson St;2,0
98101-045;Alpha Inc. 085;D;110;+001 981 925-9405;Alpha_Inc._085@outlook.com;2007-03-23;98101;WA; Seattle;596;Hickory St;3,0
98101-046;Computer Electronics 032;D;110;+001 981 956-2234;Computer_Electronics_032@outlook.com;2017-11-24;98101;WA; Seattle;598;14th St;4,0
98101-047;Digital World 012;B;110;+001 981 208-6519;Digital_World_012@gmail.com.br;2016-07-17;98101;WA; Seattle;600;Maple St;5,0
98101-048;Digital Techno 006;B;110;+001 981 377-5038;Digital_Techno_006@outlook.com;2002-09-14;98101;WA; Seattle;612;North St;6,0
98101-049;Beta Store 032;D;110;+001 981 802-1552;Beta_Store_032@outlook.com;2010-04-14;98101;WA; Seattle;616;Sunset St;7,0
98101-050;Essential Solutions 055;C;110;+001 981 220-2742;Essential_Solutions_055@outlook.com;2019-07-27;98101;WA; Seattle;629;Meadow St;1,0
98101-051;Beta Electronics 017;B;110;+001 981 154-7471;Beta_Electronics_017@gmail.com.br;2003-02-28;98101;WA; Seattle;637;9th St;2,0
98101-052;Technologic Techno 025;A;110;+001 981 246-7294;Technologic_Techno_025@outlook.com;2008-10-03;98101;WA; Seattle;639;Cedar St;3,0
98101-053;Computer Corporation 034;D;110;+001 981 381-5414;Computer_Corporation_034@gmail.com.br;2003-10-04;98101;WA; Seattle;64;Lakeview St;4,0
98101-054;High Tech S.A 013;D;110;+001 981 209-8808;High_Tech_S.A_013@outlook.com;2011-05-08;98101;WA; Seattle;649;Spruce St;5,0
98101-055;Technologic Company 000;D;110;+001 981 322-5707;Technologic_Company_000@outlook.com;2004-10-19;98101;WA; Seattle;679;Walnut St;6,0
98101-056;Genius S.A 097;D;110;+001 981 703-1901;Genius_S.A_097@gmail.com.br;2015-10-20;98101;WA; Seattle;681;Sunset St;7,0
98101-057;Beta Inc. 095;D;110;+001 981 648-1752;Beta_Inc._095@gmail.com.br;2010-07-02;98101;WA; Seattle;687;Willow St;1,0
98101-058;Father And Sons S.A 026;D;110;+001 981 336-9149;Father_And_Sons_S.A_026@gmail.com.br;2001-12-12;98101;WA; Seattle;690;Washington St;2,0
98101-059;Essential Company 082;D;110;+001 981 692-7729;Essential_Company_082@outlook.com;2019-01-03;98101;WA; Seattle;7;13th St;3,0
98101-060;Genius World 028;D;110;+001 981 883-8276;Genius_World_028@outlook.com;2011-06-15;98101;WA; Seattle;731;River St;4,0
98101-061;Genius Electronics 011;C;110;+001 981 647-1740;Genius_Electronics_011@gmail.com.br;2014-03-15;98101;WA; Seattle;744;14th St;5,0
98101-062;Beta Corporation 063;D;110;+001 981 510-1472;Beta_Corporation_063@outlook.com;2012-01-29;98101;WA; Seattle;746;1st St;6,0
98101-063;High Tech Store 088;D;110;+001 981 821-8911;High_Tech_Store_088@outlook.com;2016-11-17;98101;WA; Seattle;747;Cedar St;7,0
98101-064;Essential World 038;B;110;+001 981 182-9171;Essential_World_038@outlook.com;2007-03-06;98101;WA; Seattle;764;Highland St;1,0
98101-065;Technologic Inc. 091;A;110;+001 981 521-4975;Technologic_Inc._091@outlook.com;2013-02-25;98101;WA; Seattle;764;Main St;2,0
98101-066;Digital Company 041;B;110;+001 981 561-8585;Digital_Company_041@gmail.com.br;2019-07-26;98101;WA; Seattle;777;Johnson St;3,0
98101-067;Technologic Solutions 047;B;110;+001 981 381-4114;Technologic_Solutions_047@outlook.com;2012-11-14;98101;WA; Seattle;785;Maple St;4,0
98101-068;Beta S.A 069;D;110;+001 981 653-4183;Beta_S.A_069@gmail.com.br;2002-08-17;98101;WA; Seattle;786;Cherry St;5,0
98101-069;High Tech World 047;D;110;+001 981 195-2678;High_Tech_World_047@gmail.com.br;2001-11-12;98101;WA; Seattle;789;Spruce St;6,0
98101-070;Digital Store 076;D;110;+001 981 258-1042;Digital_Store_076@outlook.com;2011-11-30;98101;WA; Seattle;812;South St;7,0
98101-071;Father And Sons Tech 052;D;110;+001 981 650-1426;Father_And_Sons_Tech_052@outlook.com;2011-05-28;98101;WA; Seattle;834;12th St;1,0
98101-072;Essential Electronics 091;C;110;+001 981 459-1241;Essential_Electronics_091@gmail.com.br;2003-06-13;98101;WA; Seattle;853;Pine St;2,0
98101-073;Technologic Corporation 099;D;110;+001 981 245-5838;Technologic_Corporation_099@gmail.com.br;2002-07-03;98101;WA; Seattle;874;Cedar St;3,0
98101-074;Father And Sons Solutions 036;B;110;+001 981 603-8115;Father_And_Sons_Solutions_036@gmail.com.br;2012-09-11;98101;WA; Seattle;882;River St;4,0
98101-075;Beta Techno 057;D;110;+001 981 875-8804;Beta_Techno_057@outlook.com;2015-08-26;98101;WA; Seattle;883;8th St;5,0
98101-076;High Tech Company 061;D;110;+001 981 621-5060;High_Tech_Company_061@outlook.com;2009-08-04;98101;WA; Seattle;885;Walnut St;6,0
98101-077;Essential Inc. 053;D;110;+001 981 601-1154;Essential_Inc._053@outlook.com;2006-01-23;98101;WA; Seattle;897;8th St;7,0
98101-078;Digital World 014;C;110;+001 981 726-1600;Digital_World_014@outlook.com;2005-12-26;98101;WA; Seattle;908;Lakeview St;1,0
98101-079;High Tech World 006;C;110;+001 981 636-9049;High_Tech_World_006@outlook.com;2009-03-28;98101;WA; Seattle;936;Jackson St;2,0
98101-080;Technologic Techno 054;D;110;+001 981 470-8849;Technologic_Techno_054@outlook.com;2008-08-03;98101;WA; Seattle;936;River St;3,0
98101-081;Technologic Corporation 068;B;110;+001 981 283-6758;Technologic_Corporation_068@outlook.com;2012-02-07;98101;WA; Seattle;939;Cedar St;4,0
98101-082;Father And Sons Corporation 031;D;110;+001 981 400-4665;Father_And_Sons_Corporation_031@gmail.com.br;2013-09-20;98101;WA; Seattle;941;Lake St;5,0
98101-083;Technologic Company 034;B;110;+001 981 464-5806;Technologic_Company_034@gmail.com.br;2001-04-19;98101;WA; Seattle;988;7th St;6,0
98101-084;Genius Techno 068;C;110;+001 981 312-2555;Genius_Techno_068@outlook.com;2014-01-01;98101;WA; Seattle;989;South St;7,0
98101-085;High Tech Techno 022;A;110;+001 981 554-1975;High_Tech_Techno_022@outlook.com;2003-02-04;98101;WA; Seattle;990;4th St;1,0
